City_ID,City,Country,Date,Lat,Lng,Max Temp,Humidity,Cloudiness,Wind Speed
0,Halifax,CA,2020-08-31 03:05:26,44.65,-63.57,61.0,76,1,1.99
1,Avera,US,2020-08-31 03:08:38,33.19,-82.53,80.6,94,75,4.7
2,Sur,OM,2020-08-31 03:08:38,22.57,59.53,85.26,62,61,6.98
3,Tuktoyaktuk,CA,2020-08-31 03:08:38,69.45,-133.04,46.4,81,90,12.75
4,Yellowknife,CA,2020-08-31 03:08:39,62.46,-114.35,51.8,57,20,8.05
5,Punta Arenas,CL,2020-08-31 03:08:39,-53.15,-70.92,32.0,89,4,3.36
6,Muros,ES,2020-08-31 03:06:58,42.78,-9.06,55.0,80,87,1.99
7,New Norfolk,AU,2020-08-31 03:08:39,-42.78,147.06,52.0,67,80,1.99
8,Mocajuba,BR,2020-08-31 03:08:39,-2.58,-49.51,77.13,81,4,3.47
9,Cape Town,ZA,2020-08-31 03:07:37,-33.93,18.42,50.0,81,75,9.17
10,Fairbanks,US,2020-08-31 03:04:30,64.84,-147.72,66.2,32,75,12.75
11,Prince George,CA,2020-08-31 03:08:07,53.92,-122.75,51.01,87,90,8.05
12,Bend,US,2020-08-31 03:08:40,44.06,-121.32,68.0,14,1,4.36
13,Hermanus,ZA,2020-08-31 03:08:40,-34.42,19.23,39.99,90,0,12.5
14,Fernandez,AR,2020-08-31 03:08:41,-27.92,-63.89,56.19,50,100,3.85
15,Angoche,MZ,2020-08-31 03:08:41,-16.23,39.91,67.68,88,19,6.53
16,Norman Wells,CA,2020-08-31 03:08:41,65.28,-126.83,64.4,42,75,10.29
17,Albany,US,2020-08-31 03:08:41,42.6,-73.97,57.0,98,0,3.44
18,Barrow,US,2020-08-31 03:08:42,71.29,-156.79,39.2,86,90,12.75
19,Jalu,LY,2020-08-31 03:07:40,29.03,21.55,77.77,33,0,7.76
20,Esperance,AU,2020-08-31 03:08:42,-33.87,121.9,60.8,63,0,19.46
21,Airdrie,GB,2020-08-31 03:08:42,55.87,-3.98,51.8,87,16,1.12
22,Granadilla De Abona,ES,2020-08-31 03:08:43,28.12,-16.58,71.01,68,20,8.05
23,Arraial Do Cabo,BR,2020-08-31 03:04:11,-22.97,-42.03,72.0,87,0,13.96
24,Thompson,CA,2020-08-31 03:04:00,55.74,-97.86,50.0,100,90,4.52
25,Grong,NO,2020-08-31 03:08:43,64.47,12.31,37.2,85,10,1.83
26,Hamilton,US,2020-08-31 03:08:43,39.18,-84.53,70.0,82,1,4.7
27,Sao Borja,BR,2020-08-31 03:08:44,-28.66,-56.0,54.34,78,100,13.47
28,Faanui,PF,2020-08-31 03:08:44,-16.48,-151.75,77.56,77,4,20.56
29,Kudahuvadhoo,MV,2020-08-31 03:08:44,2.67,72.89,82.24,70,68,4.92
30,Puerto Ayora,EC,2020-08-31 03:08:44,-0.74,-90.35,64.99,83,97,10.0
31,Rikitea,PF,2020-08-31 03:08:45,-23.12,-134.97,69.46,82,27,17.07
32,Butaritari,KI,2020-08-31 03:05:05,3.07,172.79,83.57,72,6,10.92
33,Hobart,AU,2020-08-31 03:07:41,-42.88,147.33,52.0,52,40,10.29
34,Tignere,CM,2020-08-31 03:08:45,7.37,12.65,63.39,96,96,3.02
35,Okakarara,NA,2020-08-31 03:08:45,-20.58,17.43,41.79,56,0,4.88
36,Bethel,US,2020-08-31 03:05:20,41.37,-73.41,60.01,93,1,3.36
37,Tuatapere,NZ,2020-08-31 03:05:30,-46.13,167.68,59.5,56,4,17.31
38,Kapaa,US,2020-08-31 03:06:59,22.08,-159.32,84.2,66,1,17.22
39,Hilo,US,2020-08-31 03:08:46,19.73,-155.09,80.6,65,90,4.7
40,Beloha,MG,2020-08-31 03:07:11,-25.17,45.05,67.62,76,0,4.18
41,Broome,US,2020-08-31 03:08:47,42.25,-75.83,55.99,76,1,3.36
42,Kaeo,NZ,2020-08-31 03:08:47,-35.1,173.78,66.99,38,0,5.99
43,Banda Aceh,ID,2020-08-31 03:07:37,5.56,95.32,84.51,70,100,7.4
44,Kendari,ID,2020-08-31 03:08:47,-3.94,122.5,82.04,78,76,3.65
45,Qaanaaq,GL,2020-08-31 03:08:48,77.48,-69.36,28.63,82,0,5.08
46,Busselton,AU,2020-08-31 03:08:48,-33.65,115.33,64.0,61,8,1.99
47,Ushuaia,AR,2020-08-31 03:08:48,-54.8,-68.3,30.2,92,90,20.8
48,Yar-Sale,RU,2020-08-31 03:08:48,66.83,70.83,44.76,77,100,15.39
49,Samarai,PG,2020-08-31 03:07:21,-10.62,150.67,78.76,87,93,17.78
50,Mogadishu,SO,2020-08-31 03:04:32,2.04,45.34,77.65,85,9,17.2
51,Nikolskoye,RU,2020-08-31 03:08:49,59.7,30.79,55.4,87,75,4.47
52,Talara,PE,2020-08-31 03:08:49,-4.58,-81.27,62.82,86,63,15.7
53,Rapid Valley,US,2020-08-31 03:08:49,44.06,-103.15,55.4,54,90,31.09
54,Longyearbyen,SJ,2020-08-31 03:08:50,78.22,15.64,39.2,89,75,6.93
55,Taree,AU,2020-08-31 03:08:50,-31.9,152.47,78.8,26,0,14.99
56,Isfana,KG,2020-08-31 03:08:50,39.84,69.53,71.6,53,40,4.47
57,Mataura,NZ,2020-08-31 03:05:12,-46.19,168.86,61.68,47,0,15.21
58,Nantucket,US,2020-08-31 03:08:51,41.28,-70.1,68.0,56,1,16.11
59,Vaitape,PF,2020-08-31 03:08:51,-16.52,-151.75,78.42,75,0,20.58
60,Wegorzewo,PL,2020-08-31 03:08:51,54.22,21.74,53.83,96,82,5.97
61,Hovd,MN,2020-08-31 03:08:51,48.01,91.64,58.96,41,64,5.97
62,Kuah,MY,2020-08-31 03:08:52,6.33,99.84,86.0,84,20,3.89
63,Gawler,AU,2020-08-31 03:08:52,-34.6,138.73,57.99,52,23,1.01
64,Vaini,TO,2020-08-31 03:05:10,-21.2,-175.2,80.6,78,75,14.99
65,Laguna,US,2020-08-31 03:08:53,38.42,-121.42,84.2,35,1,10.29
66,Hirara,JP,2020-08-31 03:08:53,24.8,125.28,86.0,79,75,21.92
67,Port Hardy,CA,2020-08-31 03:08:53,50.7,-127.42,53.6,100,90,5.82
68,Caltanissetta,IT,2020-08-31 03:08:54,37.37,14.06,77.0,100,0,3.18
69,Saint-Philippe,RE,2020-08-31 03:08:54,-21.36,55.77,68.0,72,42,5.82
70,Nguru,NG,2020-08-31 03:08:54,12.88,10.45,76.55,72,4,5.53
71,Gijon,ES,2020-08-31 03:08:54,43.54,-5.66,54.0,77,34,4.0
72,Biak,ID,2020-08-31 03:08:55,-0.91,122.88,82.06,73,99,8.93
73,Jamestown,US,2020-08-31 03:08:55,42.1,-79.24,59.0,87,1,5.82
74,Lopsmarka,NO,2020-08-31 03:08:55,67.31,14.45,44.6,87,75,6.93
75,Hasaki,JP,2020-08-31 03:08:55,35.73,140.83,90.0,74,75,9.17
76,Iqaluit,CA,2020-08-31 03:08:56,63.75,-68.51,53.6,62,20,12.75
77,Flinders,AU,2020-08-31 03:08:56,-34.58,150.86,64.0,63,36,8.99
78,Carnarvon,AU,2020-08-31 03:06:24,-24.87,113.63,69.8,73,0,11.41
79,Mar Del Plata,AR,2020-08-31 03:04:29,-38.0,-57.56,46.0,60,0,4.7
80,Arklow,IE,2020-08-31 03:08:56,52.79,-6.14,39.99,96,0,4.9
81,Poum,NC,2020-08-31 03:06:38,-20.23,164.02,69.55,66,3,7.76
82,Chuy,UY,2020-08-31 03:08:57,-33.7,-53.46,41.16,74,81,5.84
83,Mount Isa,AU,2020-08-31 03:08:57,-20.73,139.5,86.0,20,0,8.05
84,Mehamn,NO,2020-08-31 03:08:57,71.04,27.85,44.51,77,40,11.05
85,Katsuura,JP,2020-08-31 03:05:42,35.13,140.3,90.0,74,20,11.41
86,Kaitangata,NZ,2020-08-31 03:08:58,-46.28,169.85,61.57,47,52,16.46
87,Chokurdakh,RU,2020-08-31 03:08:20,70.63,147.92,48.22,60,84,9.26
88,Hervey Bay,AU,2020-08-31 03:08:58,-25.3,152.85,78.01,41,75,5.82
89,Ratne,UA,2020-08-31 03:08:58,51.67,24.53,67.46,73,66,10.54
90,San Luis,AR,2020-08-31 03:04:10,-33.3,-66.34,50.49,52,47,6.29
91,Fort Payne,US,2020-08-31 03:05:46,34.44,-85.72,72.0,100,40,3.36
92,Huambo,AO,2020-08-31 03:08:59,-12.78,15.74,56.19,60,39,1.79
93,Huron,US,2020-08-31 03:08:59,41.15,-82.55,57.0,88,100,4.85
94,Alta Floresta,BR,2020-08-31 03:08:59,-9.88,-56.09,75.74,41,39,0.47
95,Russell,US,2020-08-31 03:09:00,32.35,-85.2,75.2,94,1,3.69
96,Nuuk,GL,2020-08-31 03:09:00,64.18,-51.72,44.6,93,0,1.12
97,Myaundzha,RU,2020-08-31 03:09:00,63.05,147.19,53.4,42,94,12.03
98,Saint George,US,2020-08-31 03:09:00,37.1,-113.58,93.2,12,1,11.41
99,Codrington,AU,2020-08-31 03:09:01,-38.27,141.97,51.1,65,78,9.73
100,Zaporizhzhya,UA,2020-08-31 03:09:01,47.82,35.18,66.0,55,0,4.47
101,Praya,CV,2020-08-31 03:09:01,14.92,-23.51,78.8,83,75,11.41
102,Lagoa,PT,2020-08-31 03:07:56,39.05,-27.98,73.8,93,66,9.01
103,Garwa,IN,2020-08-31 03:09:02,24.18,83.82,84.56,70,2,5.46
104,Constitucion,CL,2020-08-31 03:04:35,-35.33,-72.42,44.35,79,0,5.28
105,Manaure,CO,2020-08-31 03:09:02,11.78,-72.44,82.45,74,25,12.66
106,Khatanga,RU,2020-08-31 03:09:02,71.97,102.5,51.66,70,0,8.52
107,Guerrero Negro,MX,2020-08-31 03:04:06,27.98,-114.06,72.39,72,0,15.19
108,Westport,US,2020-08-31 03:09:03,41.14,-73.36,68.0,56,1,3.36
109,Victoria,HK,2020-08-31 03:08:33,22.29,114.16,91.0,59,25,5.99
110,Kaa-Khem,RU,2020-08-31 03:09:03,51.68,94.73,59.77,58,9,1.79
111,Srednekolymsk,RU,2020-08-31 03:09:03,67.45,153.68,52.18,50,64,8.25
112,Bredasdorp,ZA,2020-08-31 03:09:04,-34.53,20.04,41.0,86,0,3.36
113,Cervo,ES,2020-08-31 03:09:04,43.67,-7.41,48.0,1,34,7.14
114,Tekeli,KZ,2020-08-31 03:09:04,44.83,78.82,71.17,28,0,3.65
115,Mahebourg,MU,2020-08-31 03:09:04,-20.41,57.7,69.8,83,75,23.04
116,Bethanien,NA,2020-08-31 03:09:05,-26.5,17.16,34.52,69,0,4.63
117,Cayenne,GF,2020-08-31 03:08:18,4.93,-52.33,78.8,88,93,12.1
118,Katherine,AU,2020-08-31 03:05:18,-14.47,132.27,91.4,36,75,14.99
119,Quatre Cocos,MU,2020-08-31 03:09:05,-20.21,57.76,70.0,83,75,23.04
120,Naze,JP,2020-08-31 03:09:06,28.37,129.48,87.8,79,75,19.46
121,Kodiak,US,2020-08-31 03:05:28,57.79,-152.41,60.8,51,1,18.34
122,Opuwo,NA,2020-08-31 03:09:06,-18.06,13.84,50.63,44,0,4.81
123,Margate,GB,2020-08-31 03:09:06,51.38,1.39,61.0,78,94,1.99
124,Bud,US,2020-08-31 03:09:07,39.45,-86.18,66.99,72,1,8.63
125,Port Elizabeth,ZA,2020-08-31 03:04:14,-33.92,25.57,44.6,81,0,9.17
126,Buala,SB,2020-08-31 03:05:52,-8.14,159.59,86.11,72,86,8.66
127,Geraldton,AU,2020-08-31 03:09:07,-28.77,114.6,68.0,68,0,9.17
128,Iskateley,RU,2020-08-31 03:09:07,67.68,53.15,51.22,97,100,4.92
129,Pisco,PE,2020-08-31 03:09:08,-13.7,-76.22,59.0,87,42,9.17
130,Gobabis,NA,2020-08-31 03:09:08,-22.45,18.97,35.94,71,0,9.6
131,Murgab,TM,2020-08-31 03:09:08,37.5,61.97,69.8,49,0,9.17
132,Hithadhoo,MV,2020-08-31 03:09:09,-0.6,73.08,82.29,72,100,10.04
133,Fukue,JP,2020-08-31 03:09:09,32.69,128.84,87.8,70,20,9.17
134,Ostrovnoy,RU,2020-08-31 03:09:09,68.05,39.51,45.14,87,0,8.99
135,Port Hedland,AU,2020-08-31 03:09:09,-20.32,118.57,96.8,8,29,14.99
136,Ponta Do Sol,PT,2020-08-31 03:05:28,32.67,-17.1,71.6,56,40,21.92
137,Bambous Virieux,MU,2020-08-31 03:09:10,-20.34,57.76,70.0,83,75,23.04
138,Provideniya,RU,2020-08-31 03:09:10,64.38,-173.3,51.8,62,90,17.9
139,Touros,BR,2020-08-31 03:09:10,-5.2,-35.46,73.4,94,75,6.93
140,Luderitz,NA,2020-08-31 03:07:19,-26.65,15.16,52.27,44,0,18.72
141,Klaksvik,FO,2020-08-31 03:08:14,62.23,-6.59,48.2,100,84,12.75
142,Sao Jose Da Coroa Grande,BR,2020-08-31 03:09:11,-8.9,-35.15,74.89,87,29,11.72
143,Sibolga,ID,2020-08-31 03:09:11,1.74,98.78,85.73,64,100,1.45
144,Ribeira Grande,PT,2020-08-31 03:09:12,38.52,-28.7,74.35,93,12,6.17
145,Port Alfred,ZA,2020-08-31 03:09:12,-33.59,26.89,48.74,73,0,10.65
146,Bengkulu,ID,2020-08-31 03:05:45,-3.8,102.27,85.41,64,80,3.33
147,Santa Isabel,BR,2020-08-31 03:09:12,-23.32,-46.22,66.2,77,20,6.93
148,Clyde River,CA,2020-08-31 03:09:13,70.47,-68.59,42.8,100,20,5.82
149,Whitehorse,CA,2020-08-31 03:09:13,60.72,-135.05,50.0,81,75,14.99
150,Sitka,US,2020-08-31 03:09:13,57.05,-135.33,57.2,87,75,8.05
151,Valledupar,CO,2020-08-31 03:09:13,10.46,-73.25,72.68,83,70,1.79
152,Lazaro Cardenas,MX,2020-08-31 03:09:13,17.96,-102.2,78.57,83,100,1.63
153,Upernavik,GL,2020-08-31 03:09:14,72.79,-56.15,39.22,88,95,9.06
154,Kirishi,RU,2020-08-31 03:09:14,59.45,32.02,55.0,99,97,4.34
155,Pevek,RU,2020-08-31 03:04:29,69.7,170.31,40.68,77,2,9.22
156,Adrar,MR,2020-08-31 03:09:14,20.5,-10.07,85.89,18,0,10.04
157,Bluff,NZ,2020-08-31 03:09:15,-46.6,168.33,58.19,59,1,26.19
158,Fernley,US,2020-08-31 03:05:34,39.61,-119.25,82.0,20,0,6.35
159,Port-Gentil,GA,2020-08-31 03:06:57,-0.72,8.78,75.18,83,78,14.36
160,Hami,CN,2020-08-31 03:09:15,42.8,93.45,77.9,18,0,7.65
161,Wattegama,LK,2020-08-31 03:09:15,6.8,81.48,82.4,83,40,6.93
162,Port Lincoln,AU,2020-08-31 03:09:16,-34.73,135.87,54.86,51,96,2.77
163,Tonj,SS,2020-08-31 03:06:04,7.27,28.68,70.29,95,100,2.04
164,Bilma,NE,2020-08-31 03:09:16,18.69,12.92,85.91,49,4,5.93
165,Dikson,RU,2020-08-31 03:09:16,73.51,80.55,41.81,98,100,13.09
166,Monrovia,LR,2020-08-31 03:09:17,6.3,-10.8,75.38,88,95,11.03
167,Trincomalee,LK,2020-08-31 03:09:17,8.57,81.23,82.11,77,98,12.62
168,Ahipara,NZ,2020-08-31 03:08:50,-35.17,173.17,59.29,69,17,7.67
169,Hanstholm,DK,2020-08-31 03:09:17,57.12,8.62,51.01,56,0,7.09
170,Rio Gallegos,AR,2020-08-31 03:09:17,-51.62,-69.22,32.0,90,40,9.17
171,Coquimbo,CL,2020-08-31 03:05:10,-29.95,-71.34,51.8,87,70,5.82
172,Rubtsovsk,RU,2020-08-31 03:09:18,51.5,81.25,67.42,66,0,8.34
173,East London,ZA,2020-08-31 03:05:41,-33.02,27.91,50.92,57,0,8.81
174,Cabo San Lucas,MX,2020-08-31 03:05:47,22.89,-109.91,84.0,83,20,9.17
175,Punta Cardon,VE,2020-08-31 03:09:19,11.66,-70.22,83.03,73,100,10.56
176,Los Algarrobos,PA,2020-08-31 03:09:19,8.5,-82.43,64.0,70,100,0.87
177,Saskylakh,RU,2020-08-31 03:09:19,71.92,114.08,56.98,58,34,7.99
178,Belyy Yar,RU,2020-08-31 03:06:28,53.6,91.39,59.0,82,59,2.24
179,Cherskiy,RU,2020-08-31 03:05:11,68.75,161.3,42.12,81,100,5.37
180,Nagua,DO,2020-08-31 03:09:20,19.38,-69.85,78.75,89,40,6.08
181,Lagunas,PE,2020-08-31 03:09:20,-5.23,-75.68,78.44,70,0,1.68
182,Puerto Colombia,CO,2020-08-31 03:07:41,10.99,-74.95,80.6,83,40,4.7
183,Chabahar,IR,2020-08-31 03:09:20,25.29,60.64,80.6,88,20,6.93
184,Belle Fourche,US,2020-08-31 03:09:21,44.67,-103.85,53.01,71,90,9.17
185,Cockburn Town,TC,2020-08-31 03:07:11,21.46,-71.14,82.54,80,0,15.5
186,Awjilah,LY,2020-08-31 03:09:21,29.11,21.29,76.28,35,0,8.08
187,Yulara,AU,2020-08-31 03:09:21,-25.24,130.99,71.6,30,0,14.99
188,Vanersborg,SE,2020-08-31 03:09:22,58.38,12.32,53.6,87,0,8.05
189,Mocuba,MZ,2020-08-31 03:09:22,-16.84,36.99,69.42,65,0,4.14
190,Xining,CN,2020-08-31 03:09:22,36.62,101.77,59.14,56,14,1.32
191,Mirandopolis,BR,2020-08-31 03:09:22,-21.13,-51.1,72.52,35,11,6.6
192,Rocha,UY,2020-08-31 03:09:23,-34.48,-54.33,38.1,72,21,5.53
193,Lisakovsk,KZ,2020-08-31 03:09:23,52.54,62.49,72.45,44,0,2.04
194,Cidreira,BR,2020-08-31 03:09:23,-30.18,-50.21,55.87,80,99,8.79
195,Lasa,IT,2020-08-31 03:09:23,46.62,10.7,50.0,100,69,2.04
196,Berlaar,BE,2020-08-31 03:09:24,51.12,4.66,59.0,77,96,6.93
197,Santo Andre,BR,2020-08-31 03:07:39,-23.66,-46.54,66.2,88,90,12.75
198,Mason City,US,2020-08-31 03:09:24,43.15,-93.2,64.4,68,1,6.93
199,Mesetas,CO,2020-08-31 03:08:12,3.38,-74.04,70.5,80,50,2.64
200,Aniva,RU,2020-08-31 03:09:24,46.71,142.53,62.6,59,75,8.95
201,Antofagasta,CL,2020-08-31 03:09:25,-23.65,-70.4,57.2,76,90,2.24
202,Coahuayana,MX,2020-08-31 03:09:25,18.73,-103.68,76.42,88,98,2.64
203,Almoloya,MX,2020-08-31 03:09:25,19.7,-98.4,59.0,87,75,5.95
204,Bruck An Der Leitha,AT,2020-08-31 03:09:26,48.02,16.77,60.8,67,20,20.8
205,Yanam,IN,2020-08-31 03:09:26,16.73,82.22,84.2,79,20,2.24
206,Georgetown,MY,2020-08-31 03:08:02,5.41,100.34,86.0,88,20,2.55
207,Pervomayskoye,RU,2020-08-31 03:09:26,43.92,46.71,67.5,55,0,6.35
208,Norfolk,US,2020-08-31 03:09:26,42.17,-71.25,59.0,76,1,4.36
209,Presidente Medici,BR,2020-08-31 03:09:27,-11.18,-61.9,80.64,42,72,2.75
210,Solnechnyy,RU,2020-08-31 03:09:27,50.72,136.63,61.3,52,100,10.02
211,Ayna,PE,2020-08-31 03:09:27,-12.65,-73.92,59.9,76,91,0.83
212,Calama,CL,2020-08-31 03:07:22,-22.47,-68.93,51.8,21,100,4.7
213,Barra Do Garcas,BR,2020-08-31 03:09:28,-15.89,-52.26,76.26,27,0,1.9
214,Zhigansk,RU,2020-08-31 03:09:28,66.77,123.37,51.51,82,98,6.73
215,Marzuq,YE,2020-08-31 03:09:28,14.4,46.47,81.52,44,89,4.5
216,Jakar,BT,2020-08-31 03:09:29,27.55,90.75,70.5,53,100,3.13
217,Vardo,NO,2020-08-31 03:09:29,70.37,31.11,44.6,75,75,8.05
218,Nanortalik,GL,2020-08-31 03:05:31,60.14,-45.24,44.73,85,100,3.29
219,Port Augusta,AU,2020-08-31 03:09:29,-32.5,137.77,59.0,54,90,10.29
220,Flin Flon,CA,2020-08-31 03:09:29,54.77,-101.86,47.77,83,98,3.83
221,Ewa Beach,US,2020-08-31 03:09:30,21.32,-158.01,87.8,45,20,11.41
222,Bonfim,BR,2020-08-31 03:09:30,3.08,-59.95,73.04,95,100,4.72
223,Tiksi,RU,2020-08-31 03:05:06,71.69,128.87,44.62,77,1,10.42
224,Abu Samrah,SY,2020-08-31 03:09:30,35.3,37.18,71.76,31,0,3.33
225,Lavrentiya,RU,2020-08-31 03:05:08,65.58,-171.0,49.57,72,87,21.25
226,Mangrol,IN,2020-08-31 03:09:31,21.12,70.12,81.19,84,100,12.68
227,Roald,NO,2020-08-31 03:09:31,62.58,6.13,43.0,86,17,2.24
228,Marang,MY,2020-08-31 03:09:31,5.21,103.21,86.0,74,20,3.36
229,Magadan,RU,2020-08-31 03:09:31,59.57,150.8,56.73,50,53,10.8
230,Sakaiminato,JP,2020-08-31 03:09:32,35.55,133.23,86.0,79,75,9.17
231,Vila,PT,2020-08-31 03:09:32,42.03,-8.16,48.99,87,83,1.99
232,Kamien Pomorski,PL,2020-08-31 03:09:32,53.97,14.77,63.0,93,20,2.24
233,San Quintin,MX,2020-08-31 03:09:33,30.48,-115.95,68.38,78,0,11.45
234,Ayan,RU,2020-08-31 03:07:08,56.45,138.17,54.99,66,100,3.27
235,Nouadhibou,MR,2020-08-31 03:09:33,20.93,-17.03,71.6,73,17,16.11
236,Teplodar,UA,2020-08-31 03:09:33,46.51,30.33,62.6,100,0,2.44
237,Novomichurinsk,RU,2020-08-31 03:09:34,54.04,39.75,63.5,63,0,10.87
238,Atuona,PF,2020-08-31 03:09:34,-9.8,-139.03,78.96,79,38,25.99
239,Parabel,RU,2020-08-31 03:09:34,58.7,81.48,59.58,85,94,9.69
240,Havre-Saint-Pierre,CA,2020-08-31 03:09:34,50.23,-63.6,48.2,87,90,11.41
241,Sawakin,SD,2020-08-31 03:09:35,19.11,37.33,92.01,43,95,8.34
242,Lebu,CL,2020-08-31 03:05:34,-37.62,-73.65,45.88,79,1,21.16
243,Los Llanos De Aridane,ES,2020-08-31 03:09:35,28.66,-17.92,71.6,60,40,13.87
244,Fairhope,US,2020-08-31 03:05:45,30.52,-87.9,84.0,94,1,8.03
245,Udachnyy,RU,2020-08-31 03:09:35,66.42,112.4,48.2,70,90,2.24
246,Meleuz,RU,2020-08-31 03:08:35,52.97,55.92,60.17,89,81,7.27
247,Kirakira,SB,2020-08-31 03:09:36,-10.45,161.92,85.44,69,100,10.87
248,Aklavik,CA,2020-08-31 03:08:25,68.22,-135.01,50.0,81,90,4.7
249,Normandin,CA,2020-08-31 03:09:36,48.83,-72.53,51.8,87,75,5.82
250,Tasiilaq,GL,2020-08-31 03:09:36,65.61,-37.64,44.6,65,100,5.82
251,Beruwala,LK,2020-08-31 03:09:37,6.48,79.98,82.69,76,99,9.51
252,Kashan,IR,2020-08-31 03:09:37,33.98,51.44,69.8,30,0,4.7
253,Rio Grande,BR,2020-08-31 03:09:37,-32.03,-52.1,39.99,96,88,7.25
254,Jhabua,IN,2020-08-31 03:06:06,22.77,74.6,77.09,87,80,16.13
255,Ust-Nera,RU,2020-08-31 03:09:38,64.57,143.2,49.86,51,100,3.38
256,Torbay,CA,2020-08-31 03:05:23,47.67,-52.73,69.01,94,90,25.28
257,Leningradskiy,RU,2020-08-31 03:09:38,69.38,178.42,36.32,92,100,3.91
258,Wau,SS,2020-08-31 03:09:38,7.7,28.0,69.06,95,100,1.83
259,Avarua,CK,2020-08-31 03:09:39,-21.21,-159.78,75.2,69,51,6.93
260,Yerbogachen,RU,2020-08-31 03:09:39,61.28,108.01,62.33,54,0,7.23
261,Taltal,CL,2020-08-31 03:09:39,-25.4,-70.48,55.17,79,100,0.65
262,Chancay,PE,2020-08-31 03:09:39,-11.57,-77.27,60.8,87,90,9.17
263,Sheridan,US,2020-08-31 03:05:19,44.83,-106.92,50.0,81,1,5.28
264,Bom Despacho,BR,2020-08-31 03:09:40,-19.74,-45.25,66.81,51,0,6.15
265,Belmira,CO,2020-08-31 03:09:40,6.61,-75.67,55.4,93,75,3.36
266,Husavik,IS,2020-08-31 03:08:30,66.04,-17.34,51.8,81,100,3.36
267,Fort Nelson,CA,2020-08-31 03:09:40,58.81,-122.7,59.0,67,75,2.24
268,Shepetivka,UA,2020-08-31 03:06:08,50.19,27.06,65.82,55,29,9.91
269,Saldanha,ZA,2020-08-31 03:05:23,-33.01,17.94,37.4,67,0,1.12
270,Celestun,MX,2020-08-31 03:09:41,20.87,-90.4,83.3,80,32,12.28
271,Inhambane,MZ,2020-08-31 03:07:08,-23.86,35.38,69.89,83,100,15.28
272,Ilulissat,GL,2020-08-31 03:09:41,69.22,-51.1,39.2,69,0,5.75
273,Iquitos,PE,2020-08-31 03:06:05,-3.75,-73.25,76.69,77,40,3.15
274,Dunedin,NZ,2020-08-31 03:09:41,-45.87,170.5,60.71,44,100,11.05
275,Osmena,PH,2020-08-31 03:09:42,10.52,119.93,85.37,68,92,8.23
276,Mnogovershinnyy,RU,2020-08-31 03:09:42,53.94,139.92,60.46,53,100,6.64
277,Gumdag,TM,2020-08-31 03:09:42,39.21,54.59,72.9,56,5,8.19
278,Wucheng,CN,2020-08-31 03:09:43,29.6,118.17,88.0,91,0,3.0
279,Ostersund,SE,2020-08-31 03:09:43,63.18,14.64,42.8,81,5,16.11
280,Dalby,AU,2020-08-31 03:09:43,-27.18,151.27,71.6,43,40,12.75
281,Oudtshoorn,ZA,2020-08-31 03:08:49,-33.59,22.2,39.2,80,0,4.7
282,Castro,BR,2020-08-31 03:09:44,-24.79,-50.01,58.23,93,0,6.73
283,Kutum,SD,2020-08-31 03:09:44,14.2,24.67,73.54,68,92,5.97
284,Bedele,ET,2020-08-31 03:09:44,8.46,36.35,54.81,100,97,0.98
285,Lompoc,US,2020-08-31 03:06:00,34.64,-120.46,60.8,82,1,11.41
286,Vila Velha,BR,2020-08-31 03:09:45,-20.33,-40.29,75.99,88,20,10.29
287,Quelimane,MZ,2020-08-31 03:09:45,-17.88,36.89,70.92,78,0,5.32
288,Sinegorskiy,RU,2020-08-31 03:09:45,48.01,40.84,65.07,51,0,5.26
289,Loubomo,CG,2020-08-31 03:09:46,-4.2,12.67,68.68,89,100,2.75
290,Bandarbeyla,SO,2020-08-31 03:09:46,9.49,50.81,78.42,69,91,22.66
291,Ust-Omchug,RU,2020-08-31 03:09:46,61.15,149.63,55.45,40,93,19.39
292,San Patricio,MX,2020-08-31 03:09:46,19.22,-104.7,77.34,91,100,4.54
293,Novyy Urgal,RU,2020-08-31 03:09:47,51.07,132.56,53.26,85,100,4.09
294,Kulhudhuffushi,MV,2020-08-31 03:09:47,6.62,73.07,82.53,73,97,10.63
295,Davila,PH,2020-08-31 03:09:47,18.47,120.58,84.2,79,75,8.05
296,Isangel,VU,2020-08-31 03:09:47,-19.55,169.27,73.4,73,90,9.17
297,San Policarpo,PH,2020-08-31 03:09:48,12.18,125.51,88.07,65,100,7.58
298,Hambantota,LK,2020-08-31 03:09:48,6.12,81.12,82.4,83,40,6.93
299,Milkovo,RU,2020-08-31 03:09:48,54.72,158.62,59.88,50,8,1.74
300,Aninoasa,RO,2020-08-31 03:09:49,44.97,25.43,64.4,100,0,4.7
301,Zyryanka,RU,2020-08-31 03:09:49,65.75,150.85,60.21,34,8,7.94
302,Hwange,ZW,2020-08-31 03:09:49,-18.37,26.5,67.95,55,97,4.41
303,Bridlington,GB,2020-08-31 03:09:49,54.08,-0.19,43.0,93,0,2.24
304,Washougal,US,2020-08-31 03:09:31,45.58,-122.35,73.4,38,40,6.93
305,Tura,IN,2020-08-31 03:09:50,25.52,90.22,82.45,81,99,3.8
306,Aasiaat,GL,2020-08-31 03:09:50,68.71,-52.87,34.48,88,0,1.34
307,Namibe,AO,2020-08-31 03:09:50,-15.2,12.15,59.95,76,3,4.43
308,Kahului,US,2020-08-31 03:09:51,20.89,-156.47,89.6,43,1,28.86
309,Patacamaya,BO,2020-08-31 03:09:51,-17.23,-67.92,40.93,79,100,12.28
310,Iaciara,BR,2020-08-31 03:09:51,-14.1,-46.63,72.07,40,0,3.15
311,Gwembe,ZM,2020-08-31 03:09:51,-16.5,27.61,64.67,65,0,12.03
312,Lorengau,PG,2020-08-31 03:09:52,-2.02,147.27,83.41,82,93,12.19
313,Coihaique,CL,2020-08-31 03:09:52,-45.58,-72.07,35.6,85,98,2.24
314,Oranjemund,NA,2020-08-31 03:09:52,-28.55,16.43,48.47,57,0,11.14
315,Wanganui,NZ,2020-08-31 03:09:52,-39.93,175.05,57.0,64,31,18.01
316,Jand,PK,2020-08-31 03:09:53,33.43,72.02,86.49,60,5,5.79
317,Aguimes,ES,2020-08-31 03:09:53,27.91,-15.45,71.6,68,20,19.46
318,Bousse,BF,2020-08-31 03:09:53,12.66,-1.89,75.2,94,40,4.7
319,Santa Maria,BR,2020-08-31 03:09:54,-29.68,-53.81,51.8,87,90,9.17
320,Pierre,US,2020-08-31 03:09:54,44.37,-100.35,66.2,59,75,24.16
321,Kununurra,AU,2020-08-31 03:09:54,-15.77,128.73,93.2,23,0,17.22
322,Bardiyah,LY,2020-08-31 03:09:54,31.76,25.09,74.59,83,0,9.95
323,Qaqortoq,GL,2020-08-31 03:09:55,60.72,-46.03,48.2,61,100,4.7
324,Saint Paul,US,2020-08-31 03:08:15,44.94,-93.09,70.0,60,1,8.05
325,Manzhouli,CN,2020-08-31 03:09:55,49.6,117.43,62.91,73,81,9.46
326,Lahij,YE,2020-08-31 03:09:55,13.17,44.58,89.11,41,99,1.25
327,Waldoboro,US,2020-08-31 03:09:55,44.1,-69.38,57.2,67,1,6.93
328,Mata,PT,2020-08-31 03:09:56,40.68,-7.46,46.99,71,83,4.12
329,Khao Yoi,TH,2020-08-31 03:09:56,13.24,99.82,87.8,66,20,5.82
330,Asyut,EG,2020-08-31 03:09:57,27.18,31.18,77.0,41,0,6.93
331,Maningrida,AU,2020-08-31 03:09:57,-12.07,134.27,85.75,57,58,14.45
332,Lagos,NG,2020-08-31 03:06:14,6.58,3.75,77.0,88,20,3.36
333,Kavieng,PG,2020-08-31 03:09:57,-2.57,150.8,86.47,66,14,7.05
334,Carnot,CF,2020-08-31 03:09:57,4.94,15.87,69.42,94,98,1.12
335,Moree,AU,2020-08-31 03:09:58,-29.47,149.85,77.0,29,0,10.29
336,Dingle,PH,2020-08-31 03:05:21,11.0,122.67,80.85,81,99,10.33
337,Gat,IL,2020-08-31 03:09:58,31.61,34.76,81.0,81,5,3.56
338,Kalmunai,LK,2020-08-31 03:05:29,7.42,81.82,83.77,65,100,2.89
339,Synya,RU,2020-08-31 03:09:59,65.37,58.04,50.36,98,100,3.65
340,Matay,EG,2020-08-31 03:09:59,28.42,30.78,75.27,66,0,9.08
341,Oranjestad,AW,2020-08-31 03:09:59,12.52,-70.03,84.2,74,20,3.36
342,Molteno,ZA,2020-08-31 03:08:55,-31.4,26.36,23.5,93,0,0.31
343,Kloulklubed,PW,2020-08-31 03:10:00,7.04,134.26,84.2,74,90,5.82
344,Trelew,AR,2020-08-31 03:07:48,-43.25,-65.31,41.11,67,2,5.68
345,Skegness,GB,2020-08-31 03:10:00,53.14,0.34,55.0,93,22,5.82
346,Poya,NC,2020-08-31 03:10:00,-21.35,165.15,73.98,50,0,9.86
347,Alto Araguaia,BR,2020-08-31 03:10:01,-17.31,-53.22,70.86,28,0,2.59
348,Krasnoselkup,RU,2020-08-31 03:10:01,65.7,82.47,51.91,79,80,5.75
349,Alice Springs,AU,2020-08-31 03:09:45,-23.7,133.88,75.0,28,0,11.41
350,Tuy Hoa,VN,2020-08-31 03:10:01,13.08,109.3,90.64,56,86,8.16
351,Alofi,NU,2020-08-31 03:05:59,-19.06,-169.92,80.6,65,85,14.99
352,Ganzhou,CN,2020-08-31 03:10:02,28.82,115.43,91.35,51,0,4.81
353,Saint-Augustin,CA,2020-08-31 03:05:15,51.23,-58.65,48.13,88,100,22.12
354,Namatanai,PG,2020-08-31 03:06:54,-3.67,152.43,86.29,67,29,10.65
355,Usak,TR,2020-08-31 03:07:37,38.5,29.42,66.09,38,0,4.18
356,Coromandel,BR,2020-08-31 03:10:02,-18.47,-47.2,67.01,45,0,5.57
357,Razole,IN,2020-08-31 03:10:03,16.48,81.83,85.73,73,91,6.06
358,Lubao,PH,2020-08-31 03:10:03,14.92,120.55,84.2,74,75,2.24
359,Bowen,AU,2020-08-31 03:10:04,-20.02,148.23,77.0,53,90,14.99
360,Jacksonville,US,2020-08-31 03:07:24,30.33,-81.66,79.0,83,75,4.7
361,Panaba,MX,2020-08-31 03:10:04,21.28,-88.27,77.81,84,0,10.69
362,Riyadh,SA,2020-08-31 03:09:26,24.69,46.72,78.8,19,13,4.7
363,Mims,US,2020-08-31 03:10:05,28.67,-80.84,77.0,88,75,6.93
364,San Cristobal,VE,2020-08-31 03:10:05,7.77,-72.22,65.3,89,100,2.33
365,Kamaishi,JP,2020-08-31 03:10:06,39.27,141.88,69.8,83,75,3.36
366,Zhezkazgan,KZ,2020-08-31 03:10:06,47.8,67.71,62.6,42,0,8.95
367,Tatawin,TN,2020-08-31 03:10:06,32.93,10.45,82.4,30,0,6.22
368,Quebrada Larga,HN,2020-08-31 03:10:07,14.1,-86.37,70.36,85,0,1.36
369,Bela Vista,BR,2020-08-31 03:06:33,-22.11,-56.52,71.56,56,76,3.78
370,Odessa,UA,2020-08-31 03:10:07,46.48,30.73,62.6,100,0,5.46
371,Pangnirtung,CA,2020-08-31 03:10:07,66.15,-65.71,47.25,56,0,1.05
372,Daru,PG,2020-08-31 03:10:07,-9.08,143.21,78.76,84,100,21.39
373,Aljezur,PT,2020-08-31 03:10:08,37.32,-8.8,57.0,79,64,1.01
374,Yarmouth,US,2020-08-31 03:09:55,41.71,-70.23,68.0,63,1,14.36
375,Libreville,GA,2020-08-31 03:10:08,0.39,9.45,75.2,94,75,11.41
376,Sorong,ID,2020-08-31 03:10:08,-0.88,131.25,85.03,69,34,4.74
377,Richards Bay,ZA,2020-08-31 03:06:09,-28.78,32.04,56.88,77,100,8.52
378,Liberal,US,2020-08-31 03:10:09,37.04,-100.92,78.8,57,1,9.17
379,Kupang,ID,2020-08-31 03:06:03,-10.17,123.58,93.2,30,20,18.34
380,Goderich,CA,2020-08-31 03:06:31,43.75,-81.72,63.0,86,0,8.55
381,Tautira,PF,2020-08-31 03:10:10,-17.73,-149.15,82.4,61,20,8.05
382,Sibu,MY,2020-08-31 03:10:10,2.3,111.82,77.0,94,40,5.82
383,Imbituba,BR,2020-08-31 03:08:53,-28.24,-48.67,62.6,82,75,12.75
384,Pilar,BR,2020-08-31 03:10:10,-9.6,-35.96,73.4,94,75,2.24
385,Carutapera,BR,2020-08-31 03:10:10,-1.2,-46.02,78.19,84,1,8.68
386,Emerald,AU,2020-08-31 03:10:11,-23.53,148.17,78.01,41,0,6.93
387,Tres Picos,MX,2020-08-31 03:10:11,15.87,-93.53,78.93,74,95,1.74
388,Kushiro,JP,2020-08-31 03:10:11,42.98,144.37,59.0,72,75,8.05
389,Caravelas,BR,2020-08-31 03:10:12,-17.71,-39.25,69.78,92,0,4.25
390,Saint-Pierre,RE,2020-08-31 03:07:23,-21.34,55.48,64.4,72,8,5.82
391,Merauke,ID,2020-08-31 03:10:12,-8.47,140.33,82.72,73,68,17.69
392,Lannion,FR,2020-08-31 03:10:12,48.75,-3.42,48.2,93,88,2.24
393,Evensk,RU,2020-08-31 03:10:13,61.95,159.23,55.81,50,16,11.32
394,Vengurla,IN,2020-08-31 03:10:13,15.87,73.63,80.13,83,35,4.63
395,Bitung,ID,2020-08-31 03:10:13,1.45,125.18,91.4,52,20,3.36
396,Tebingtinggi,ID,2020-08-31 03:10:14,3.33,99.16,78.33,90,100,4.14
397,Nova Olimpia,BR,2020-08-31 03:10:14,-14.8,-57.29,78.01,23,0,2.13
398,Amzya,RU,2020-08-31 03:10:14,56.24,54.39,58.86,79,100,7.96
399,Kourou,GF,2020-08-31 03:10:14,5.16,-52.65,78.8,88,90,10.45
400,Benghazi,LY,2020-08-31 03:10:15,32.12,20.07,76.1,70,0,10.94
401,Sao Joao Da Barra,BR,2020-08-31 03:09:25,-21.64,-41.05,72.46,87,0,12.68
402,Biltine,TD,2020-08-31 03:10:15,14.53,20.92,76.55,70,95,7.4
403,Bulawayo,ZW,2020-08-31 03:10:15,-20.15,28.58,59.97,80,71,12.08
404,Jurm,AF,2020-08-31 03:10:16,36.86,70.83,60.24,51,100,1.14
405,Waingapu,ID,2020-08-31 03:10:16,-9.66,120.26,86.4,47,2,17.38
406,Abalak,RU,2020-08-31 03:10:16,58.13,68.59,65.41,86,76,9.6
407,Porto De Moz,BR,2020-08-31 03:10:16,-1.75,-52.24,74.53,88,59,5.21
408,De-Kastri,RU,2020-08-31 03:10:17,51.47,140.78,62.73,61,100,18.16
409,Eirunepe,BR,2020-08-31 03:07:31,-6.66,-69.87,71.67,87,100,0.78
410,Neiafu,TO,2020-08-31 03:10:17,-18.65,-173.98,80.6,74,75,16.11
411,San Andres,CO,2020-08-31 03:10:18,12.58,-81.7,82.4,88,40,4.7
412,Kotido,UG,2020-08-31 03:10:18,2.98,34.13,66.54,75,62,5.01
413,Lodeynoye Pole,RU,2020-08-31 03:10:18,60.73,33.55,50.29,98,100,5.06
414,Severo-Kurilsk,RU,2020-08-31 03:10:19,50.68,156.12,52.92,76,4,15.93
415,Naftalan,AZ,2020-08-31 03:10:19,40.51,46.83,64.4,82,20,6.93
416,Manado,ID,2020-08-31 03:10:19,1.49,124.85,91.4,52,20,3.36
417,Leshukonskoye,RU,2020-08-31 03:10:20,64.9,45.76,47.91,94,100,7.34
418,Comodoro Rivadavia,AR,2020-08-31 03:10:05,-45.87,-67.5,42.8,70,73,2.24
419,Lloydminster,CA,2020-08-31 03:10:20,53.28,-110.0,51.8,57,75,12.75
420,Donskoye,RU,2020-08-31 03:10:20,45.46,41.97,64.4,55,0,13.42
421,Fairlie,GB,2020-08-31 03:10:21,55.76,-4.86,51.01,91,0,4.45
422,Henties Bay,NA,2020-08-31 03:10:21,-22.12,14.28,48.0,89,0,6.38
423,Meadow Lake,US,2020-08-31 03:10:21,34.8,-106.54,80.6,30,40,8.05
424,Las Vegas,US,2020-08-31 03:10:21,36.17,-115.14,100.4,4,1,4.7
425,Batemans Bay,AU,2020-08-31 03:09:14,-35.72,150.18,61.0,56,36,1.01
426,Imeni Babushkina,RU,2020-08-31 03:10:22,59.76,43.13,50.47,97,100,1.14
427,Port Keats,AU,2020-08-31 03:10:22,-14.25,129.55,92.97,38,0,6.38
428,Charagua,BO,2020-08-31 03:10:23,-19.8,-63.22,56.61,57,100,8.21
429,Luanda,AO,2020-08-31 03:09:40,-8.84,13.23,69.12,81,88,3.85
430,Vostok,RU,2020-08-31 03:10:24,46.49,135.88,66.25,48,91,2.71
431,Tres Arroyos,AR,2020-08-31 03:10:24,-38.37,-60.28,38.52,80,0,5.01
432,Lamu,KE,2020-08-31 03:10:24,-2.27,40.9,75.9,83,72,12.12
433,Gibsons,CA,2020-08-31 03:06:48,49.4,-123.5,57.0,95,100,1.01
434,Tadine,NC,2020-08-31 03:10:25,-21.55,167.88,70.05,62,75,14.9
435,Meulaboh,ID,2020-08-31 03:07:26,4.14,96.13,84.06,70,100,3.53
436,Balsas,BR,2020-08-31 03:10:25,-7.53,-46.04,79.72,35,40,4.27
437,Smrzovka,CZ,2020-08-31 03:10:26,50.74,15.25,55.0,95,100,4.27
438,Saravan,AM,2020-08-31 03:10:26,39.72,45.65,69.8,43,0,6.93
439,Salvador,SV,2020-08-31 03:10:27,13.83,-88.92,77.0,94,20,1.12
440,Orotukan,RU,2020-08-31 03:10:27,62.27,151.7,58.66,35,6,10.45
441,Sept-Iles,CA,2020-08-31 03:10:27,50.2,-66.38,51.01,87,90,6.93
442,Cedar City,US,2020-08-31 03:09:40,37.68,-113.06,80.6,12,1,13.87
443,Kyabram,AU,2020-08-31 03:09:05,-36.32,145.05,60.01,36,7,11.63
444,Pillaro,EC,2020-08-31 03:10:28,-1.17,-78.53,47.39,80,38,1.05
445,Te Anau,NZ,2020-08-31 03:10:28,-45.42,167.72,52.84,74,54,10.69
446,Cabedelo,BR,2020-08-31 03:10:28,-6.98,-34.83,73.4,94,3,6.93
447,Kysyl-Syr,RU,2020-08-31 03:10:29,63.9,122.76,65.44,57,16,3.85
448,Aswan,EG,2020-08-31 03:10:29,24.09,32.91,82.13,26,19,5.95
449,Pangody,RU,2020-08-31 03:10:30,65.85,74.49,47.08,75,100,12.77
450,Ajaccio,FR,2020-08-31 03:10:30,42.0,8.92,64.4,77,100,5.82
451,Sungaipenuh,ID,2020-08-31 03:10:30,-2.08,101.38,79.07,63,90,1.88
452,High Prairie,CA,2020-08-31 03:10:30,55.43,-116.49,47.35,77,99,3.53
453,Koulamoutou,GA,2020-08-31 03:10:31,-1.13,12.47,70.27,95,75,1.74
454,Puerto El Triunfo,SV,2020-08-31 03:10:31,13.28,-88.55,77.0,94,20,1.12
455,Bathsheba,BB,2020-08-31 03:10:32,13.22,-59.52,80.6,78,20,6.93
456,Kachiry,KZ,2020-08-31 03:07:02,53.07,76.1,72.73,45,0,6.24
457,Bayeux,BR,2020-08-31 03:10:32,-7.12,-34.93,73.4,94,2,6.93
458,College,US,2020-08-31 03:10:32,64.86,-147.8,66.2,32,75,12.75
459,Panzhihua,CN,2020-08-31 03:10:33,26.59,101.71,73.99,73,99,2.1
460,Peski,RU,2020-08-31 03:10:33,55.22,38.76,64.4,87,0,4.47
461,Techiman,GH,2020-08-31 03:10:33,7.59,-1.94,68.23,96,99,7.23
462,Mitsamiouli,KM,2020-08-31 03:10:33,-11.38,43.28,75.78,68,0,4.74
463,Vieques,PR,2020-08-31 03:10:34,18.43,-65.83,84.2,74,40,11.41
464,Tapes,BR,2020-08-31 03:10:34,-30.67,-51.4,51.22,78,92,7.11
465,Ilhabela,BR,2020-08-31 03:10:34,-23.78,-45.36,70.68,86,50,11.05
466,Salalah,OM,2020-08-31 03:10:34,17.02,54.09,75.2,100,90,3.36
467,Shelburne,CA,2020-08-31 03:10:35,44.08,-80.2,53.01,93,1,2.37
468,Petropavlovsk-Kamchatskiy,RU,2020-08-31 03:06:04,53.05,158.65,64.4,39,75,4.47
469,Mayskiy,RU,2020-08-31 03:10:35,47.69,40.1,66.2,52,0,11.18
470,Poysdorf,AT,2020-08-31 03:10:36,48.67,16.63,61.0,77,26,5.99
471,Olafsvik,IS,2020-08-31 03:06:31,64.89,-23.71,52.47,91,100,24.94
472,Karema,TZ,2020-08-31 03:10:36,-6.82,30.44,74.68,49,20,7.61
473,Makakilo City,US,2020-08-31 03:10:36,21.35,-158.09,87.8,45,20,11.41
474,Diyarb Najm,EG,2020-08-31 03:10:37,30.75,31.44,77.0,88,0,5.82
475,Navahrudak,BY,2020-08-31 03:10:37,53.6,25.83,63.21,92,79,9.93
476,Ancud,CL,2020-08-31 03:10:37,-41.87,-73.82,44.01,96,15,10.0
477,Airai,TL,2020-08-31 03:10:37,-8.93,125.41,75.94,53,1,8.3
478,Golden,US,2020-08-31 03:09:48,39.76,-105.22,78.8,19,75,17.22
479,Seddon,AU,2020-08-31 03:10:38,-37.81,144.89,54.0,62,90,10.29
480,Brusyliv,UA,2020-08-31 03:10:38,50.28,29.53,69.01,63,0,6.71
481,Mananjary,MG,2020-08-31 03:10:38,-21.22,48.33,65.77,93,51,1.61
482,Rundu,NA,2020-08-31 03:10:39,-17.93,19.77,55.24,36,0,7.47
483,Narsaq,GL,2020-08-31 03:10:39,60.92,-46.05,44.6,70,100,2.24
484,Pushkino,RU,2020-08-31 03:10:39,56.02,37.87,66.2,68,44,6.71
485,Mareeba,AU,2020-08-31 03:10:39,-17.0,145.43,80.6,54,65,18.34
486,Abu Zabad,SD,2020-08-31 03:10:40,12.35,29.25,74.05,84,96,7.65
487,Asahikawa,JP,2020-08-31 03:10:40,43.77,142.37,62.6,48,75,10.29
488,Foam Lake,CA,2020-08-31 03:10:40,51.65,-103.53,47.35,61,41,10.63
489,Kitzingen,DE,2020-08-31 03:10:41,49.73,10.17,55.4,100,90,8.05
490,Vavuniya,LK,2020-08-31 03:10:41,8.75,80.5,85.19,64,77,7.05
491,Pochutla,MX,2020-08-31 03:10:41,15.74,-96.47,79.0,88,87,2.28
492,Caraz,PE,2020-08-31 03:10:41,-9.05,-77.81,62.26,43,83,2.28
493,Mount Gambier,AU,2020-08-31 03:10:42,-37.83,140.77,50.0,71,75,13.87
494,Filingue,NE,2020-08-31 03:10:42,14.35,3.32,79.77,72,100,4.7
495,Souillac,MU,2020-08-31 03:10:42,-20.52,57.52,69.8,83,75,23.04
496,Baghdad,IQ,2020-08-31 03:08:23,33.34,44.4,84.2,30,0,2.24
497,Gubkinskiy,RU,2020-08-31 03:10:43,64.43,76.5,50.68,72,100,17.76
498,Mana,GF,2020-08-31 03:10:43,5.66,-53.78,79.34,83,91,12.75
499,Adamclisi,RO,2020-08-31 03:10:43,44.08,27.95,63.0,93,0,5.82
500,Robertson,US,2020-08-31 03:10:44,36.52,-86.87,72.0,100,90,6.29
501,Nalut,LY,2020-08-31 03:10:44,30.33,10.85,80.46,21,0,13.42
502,Souris,CA,2020-08-31 03:10:44,49.62,-100.26,55.4,87,75,9.17
503,Faya,SA,2020-08-31 03:10:44,18.39,42.45,68.0,29,29,2.57
504,Shelabolikha,RU,2020-08-31 03:10:44,53.41,82.62,62.6,77,3,6.71
505,Araceli,PH,2020-08-31 03:10:45,10.55,119.99,85.42,68,93,8.21
506,Sistranda,NO,2020-08-31 03:10:45,63.73,8.83,42.8,93,40,3.36
507,Moskovskiy,RU,2020-08-31 03:10:45,55.6,37.35,66.0,77,40,6.71
508,Bergen,NO,2020-08-31 03:10:46,60.39,5.33,48.99,87,4,12.75
509,Abha,SA,2020-08-31 03:10:46,18.22,42.51,68.0,29,12,1.9
510,Boende,CD,2020-08-31 03:10:46,-0.22,20.87,69.98,95,100,0.98
511,Sao Felix Do Xingu,BR,2020-08-31 03:07:42,-6.64,-51.99,77.27,45,18,1.19
512,Viedma,AR,2020-08-31 03:10:47,-40.81,-63.0,39.99,77,0,9.19
513,Mercedes,AR,2020-08-31 03:10:47,-34.65,-59.43,43.0,45,24,5.46
514,Ngunguru,NZ,2020-08-31 03:10:47,-35.62,174.5,66.99,38,12,5.99
515,Tual,ID,2020-08-31 03:10:47,-5.67,132.75,79.59,86,0,12.53
516,Aktau,KZ,2020-08-31 03:10:48,43.65,51.2,68.0,88,0,8.95
517,Otjimbingwe,NA,2020-08-31 03:10:48,-22.35,16.13,47.88,45,0,8.46
518,Koungou,YT,2020-08-31 03:10:48,-12.73,45.2,73.4,83,69,6.93
519,Maumere,ID,2020-08-31 03:10:49,-8.62,122.21,84.56,55,0,2.53
520,Zlitan,LY,2020-08-31 03:10:49,32.47,14.57,73.38,86,0,10.25
521,Strezhevoy,RU,2020-08-31 03:10:49,60.73,77.59,60.8,87,20,4.47
522,Bayangol,RU,2020-08-31 03:10:49,50.7,103.47,56.71,61,98,6.2
523,Kholodnyy,RU,2020-08-31 03:09:29,62.72,147.95,55.62,39,86,12.19
524,Lucapa,AO,2020-08-31 03:10:50,-8.42,20.74,69.51,79,100,2.86
525,Balclutha,NZ,2020-08-31 03:10:50,-46.23,169.75,62.29,44,36,14.67
526,Florianopolis,BR,2020-08-31 03:10:51,-27.61,-48.5,62.6,82,75,12.75
527,Eyl,SO,2020-08-31 03:10:51,7.98,49.82,79.07,65,83,17.31
528,Yumen,CN,2020-08-31 03:07:02,40.28,97.2,70.16,23,29,5.46
529,Kieta,PG,2020-08-31 03:10:51,-6.22,155.63,86.29,70,68,7.85
530,Bilisht,AL,2020-08-31 03:10:52,40.63,20.99,64.2,60,0,2.33
531,Kashirskoye,RU,2020-08-31 03:10:52,51.42,39.61,55.4,71,0,2.24
532,El Tigre,VE,2020-08-31 03:10:52,8.89,-64.25,74.35,90,100,5.64
533,Yeppoon,AU,2020-08-31 03:10:52,-23.13,150.73,77.0,38,6,9.17
534,Nusaybin,TR,2020-08-31 03:10:53,37.08,41.22,85.68,14,0,6.33
535,Cabatuan,PH,2020-08-31 03:10:53,10.88,122.49,81.07,79,100,9.51
536,Amboasary,MG,2020-08-31 03:10:53,-25.03,46.38,68.0,77,0,6.93
537,Springville,US,2020-08-31 03:10:54,40.17,-111.61,78.8,29,1,13.87
538,Leh,IN,2020-08-31 03:10:54,34.17,77.58,59.32,37,7,4.54
539,Tsevie,TG,2020-08-31 03:10:54,6.43,1.21,77.0,83,40,6.93
540,Moose Factory,CA,2020-08-31 03:10:55,51.26,-80.61,46.4,87,1,3.36
541,Padre Bernardo,BR,2020-08-31 03:10:55,-15.35,-48.5,68.43,40,0,3.53
542,Kabanga,TZ,2020-08-31 03:09:08,-2.64,30.47,59.85,82,31,2.08
543,Vestmanna,FO,2020-08-31 03:10:55,62.16,-7.17,48.2,100,81,12.75
544,Umba,RU,2020-08-31 03:10:56,66.69,34.34,46.38,78,0,3.69
545,Bundaberg,AU,2020-08-31 03:10:56,-24.85,152.35,78.01,41,75,5.82
546,Mutsu,JP,2020-08-31 03:10:56,41.29,141.22,70.0,93,75,17.22
547,Aberdeen,GB,2020-08-31 03:10:56,57.14,-2.1,46.0,93,56,1.12
548,Karratha,AU,2020-08-31 03:10:57,-20.74,116.85,92.48,16,47,12.01
549,Denpasar,ID,2020-08-31 03:10:57,-8.65,115.22,84.2,83,40,17.22
550,Nigde,TR,2020-08-31 03:10:57,37.83,34.75,55.0,41,0,1.79
551,Altay,CN,2020-08-31 03:10:58,47.87,88.12,67.53,36,0,3.2
552,Rossland,CA,2020-08-31 03:10:58,49.08,-117.8,57.99,35,100,3.0
553,Valdivia,CL,2020-08-31 03:06:48,-39.81,-73.25,42.8,81,2,4.7
554,Atar,MR,2020-08-31 03:10:58,20.52,-13.05,86.94,21,0,5.12
555,Songjianghe,CN,2020-08-31 03:10:59,42.19,127.48,79.14,54,58,5.95
556,Suratgarh,IN,2020-08-31 03:10:59,29.32,73.9,86.7,65,33,17.98
557,Parlakimidi,IN,2020-08-31 03:10:59,18.77,84.08,88.18,67,89,3.4
558,Novoorsk,RU,2020-08-31 03:10:59,51.38,58.98,60.8,51,0,3.02
559,Colonia Leopoldina,BR,2020-08-31 03:11:00,-8.91,-35.73,73.4,94,75,2.24
560,Conceicao Do Araguaia,BR,2020-08-31 03:11:00,-8.26,-49.26,84.13,29,39,3.85
561,Muravlenko,RU,2020-08-31 03:11:00,63.79,74.52,49.14,95,100,21.43
562,Cosala,MX,2020-08-31 03:11:01,24.41,-106.69,82.0,88,93,3.0
563,Ankang,CN,2020-08-31 03:11:01,32.68,109.02,77.22,59,67,2.86
564,Sainte-Maxime,FR,2020-08-31 03:11:01,43.3,6.63,66.0,51,7,10.0
565,Dinghai,CN,2020-08-31 03:11:01,26.28,119.79,89.6,62,40,15.66
566,Grindavik,IS,2020-08-31 03:11:02,63.84,-22.43,53.6,100,90,21.92
567,Zyukayka,RU,2020-08-31 03:11:02,58.2,54.7,57.18,90,100,10.8
568,Northam,GB,2020-08-31 03:11:02,51.03,-4.22,50.0,91,16,1.99
569,Korla,CN,2020-08-31 03:11:03,41.76,86.15,78.67,21,0,6.04
570,Seoul,KR,2020-08-31 03:09:38,37.57,126.98,82.4,74,90,3.36
571,Mao,ES,2020-08-31 03:11:03,39.89,4.27,62.6,93,79,10.29
572,Chuzhou,CN,2020-08-31 03:11:03,32.32,118.3,89.26,68,1,1.57
573,Ketchikan,US,2020-08-31 03:11:04,55.34,-131.65,55.4,87,90,6.93
574,Santiago Del Estero,AR,2020-08-31 03:08:11,-27.8,-64.26,56.39,49,100,2.17
575,Salinopolis,BR,2020-08-31 03:11:04,-0.61,-47.36,80.37,79,11,14.81
576,Helong,CN,2020-08-31 03:07:05,42.54,129.0,75.81,61,94,4.23
